subID,group,PHQ2_total_t1,PHQ2_total_t2,PHQ9_total_t1,PHQ9_total_t2,DAS_total_t1,DAS_total_t2,DAQ_total_t1,DAQ_total_t2,ERQCR_total_t1,ERQCR_total_t2,miniSPIN_total_t1,miniSPIN_total_t2,PHQ2_total_delta,PHQ9_total_delta,miniSPIN_total_delta,DAS_total_delta,DAQ_total_delta,ERQCR_total_delta
sub_46404,control,2,2,10,12,20,25,24,30,21,19,5,6,0,2,1,5,6,-2
sub_52320,causal,2,1,8,5,14,14,22,4,23,30,5,4,-1,-3,-1,0,-18,7
sub_16254,causal,2,NA,5,NA,16,NA,13,NA,25,NA,1,NA,NA,NA,NA,NA,NA,NA
sub_52936,causal,2,2,12,9,19,16,24,20,20,24,6,5,0,-3,-1,-3,-4,4
sub_68308,control,2,2,8,7,24,27,44,41,21,13,0,0,0,-1,0,3,-3,-8
sub_13126,causal,4,6,7,18,19,19,3,5,24,23,1,2,2,11,1,0,2,-1
sub_58419,causal,2,3,10,15,19,20,39,30,22,21,11,12,1,5,1,1,-9,-1
sub_21739,causal,4,2,14,12,24,22,36,32,26,28,8,6,-2,-2,-2,-2,-4,2
sub_11844,causal,2,5,10,21,22,20,47,46,22,15,8,8,3,11,0,-2,-1,-7
sub_27653,control,2,NA,5,NA,23,NA,25,NA,36,NA,11,NA,NA,NA,NA,NA,NA,NA
sub_13059,control,2,2,8,8,19,18,25,14,11,19,10,11,0,0,1,-1,-11,8
sub_44010,causal,3,2,11,12,21,19,29,32,23,23,9,8,-1,1,-1,-2,3,0
sub_71037,causal,2,NA,9,NA,21,NA,7,NA,22,NA,6,NA,NA,NA,NA,NA,NA,NA
sub_60347,control,2,NA,12,NA,15,NA,9,NA,35,NA,6,NA,NA,NA,NA,NA,NA,NA
sub_99369,causal,2,2,8,10,20,21,27,25,31,26,6,6,0,2,0,1,-2,-5
sub_25171,control,2,2,6,5,16,15,17,12,28,31,9,8,0,-1,-1,-1,-5,3
sub_61720,control,2,2,12,14,24,22,36,43,14,22,11,12,0,2,1,-2,7,8
sub_30048,causal,2,2,6,9,21,23,26,24,15,16,8,5,0,3,-3,2,-2,1
sub_93528,control,2,2,5,8,19,17,6,5,30,26,3,6,0,3,3,-2,-1,-4
sub_41296,causal,4,2,13,10,25,19,58,39,13,14,11,6,-2,-3,-5,-6,-19,1
sub_28170,control,2,2,9,8,24,23,36,22,6,18,5,5,0,-1,0,-1,-14,12
sub_53332,causal,2,1,13,10,16,16,39,31,12,6,6,4,-1,-3,-2,0,-8,-6
sub_51248,causal,2,0,10,10,18,20,13,7,33,30,9,9,-2,0,0,2,-6,-3
sub_88770,causal,2,2,8,6,17,13,20,21,30,30,8,4,0,-2,-4,-4,1,0
sub_30764,causal,2,2,7,7,19,18,9,8,30,30,10,10,0,0,0,-1,-1,0
sub_41873,control,5,NA,14,NA,17,NA,22,NA,16,NA,4,NA,NA,NA,NA,NA,NA,NA
sub_44574,causal,2,0,8,4,14,16,26,29,22,21,5,7,-2,-4,2,2,3,-1
sub_74573,control,2,NA,5,NA,20,NA,9,NA,18,NA,6,NA,NA,NA,NA,NA,NA,NA
sub_19192,control,2,NA,8,NA,17,NA,9,NA,24,NA,1,NA,NA,NA,NA,NA,NA,NA
sub_45407,control,4,1,9,5,17,22,26,18,6,6,8,7,-3,-4,-1,5,-8,0
sub_34281,causal,2,0,6,2,17,16,21,21,30,30,11,10,-2,-4,-1,-1,0,0
sub_58182,causal,3,2,8,6,21,21,46,31,23,25,7,5,-1,-2,-2,0,-15,2
sub_62753,causal,5,2,14,9,22,21,41,36,17,18,10,7,-3,-5,-3,-1,-5,1
sub_94350,control,2,2,7,8,14,12,15,16,33,30,6,5,0,1,-1,-2,1,-3
sub_99022,control,3,2,5,3,12,19,9,15,32,35,7,9,-1,-2,2,7,6,3
sub_83112,control,2,2,10,8,21,18,18,22,28,24,5,6,0,-2,1,-3,4,-4
sub_12044,causal,2,NA,9,NA,16,NA,8,NA,28,NA,3,NA,NA,NA,NA,NA,NA,NA
sub_79007,control,2,2,11,8,20,20,4,10,21,22,5,3,0,-3,-2,0,6,1
sub_99133,causal,2,0,5,1,16,14,11,2,24,24,2,2,-2,-4,0,-2,-9,0
sub_27799,causal,2,2,14,10,26,23,33,34,19,20,7,7,0,-4,0,-3,1,1
sub_41154,causal,2,2,5,6,21,21,16,15,24,18,4,4,0,1,0,0,-1,-6
sub_72618,control,2,2,9,8,26,28,29,36,20,25,12,12,0,-1,0,2,7,5
sub_37075,control,3,2,11,10,16,18,25,25,19,13,6,9,-1,-1,3,2,0,-6
sub_27301,control,2,2,9,8,17,14,16,21,22,16,8,8,0,-1,0,-3,5,-6
sub_68038,causal,2,3,8,8,17,19,12,16,24,21,4,5,1,0,1,2,4,-3
sub_19803,causal,2,1,14,4,28,21,32,5,23,24,9,9,-1,-10,0,-7,-27,1
sub_57566,causal,3,3,11,12,23,25,31,33,22,22,9,8,0,1,-1,2,2,0
sub_24567,causal,2,4,8,10,27,26,29,31,18,15,7,6,2,2,-1,-1,2,-3
sub_17998,causal,3,1,14,7,24,26,16,25,13,24,6,8,-2,-7,2,2,9,11
sub_75910,causal,2,2,8,6,28,30,26,26,26,18,12,12,0,-2,0,2,0,-8
sub_24679,control,2,NA,7,NA,13,NA,8,NA,25,NA,1,NA,NA,NA,NA,NA,NA,NA
sub_95851,causal,2,2,7,7,19,18,17,30,24,25,3,6,0,0,3,-1,13,1
sub_59757,causal,2,2,9,9,15,21,9,13,24,21,0,3,0,0,3,6,4,-3
sub_30494,causal,2,1,5,5,25,28,14,17,26,24,2,3,-1,0,1,3,3,-2
sub_35046,causal,3,2,14,12,21,20,54,32,6,20,12,10,-1,-2,-2,-1,-22,14
sub_76739,causal,2,NA,11,NA,18,NA,27,NA,21,NA,7,NA,NA,NA,NA,NA,NA,NA
sub_59037,causal,2,NA,8,NA,17,NA,21,NA,26,NA,3,NA,NA,NA,NA,NA,NA,NA
sub_80172,control,2,2,5,4,15,17,5,6,16,22,4,6,0,-1,2,2,1,6
sub_40534,control,2,1,8,9,26,26,20,21,22,18,7,7,-1,1,0,0,1,-4
sub_75797,control,3,3,11,13,18,23,32,12,21,24,5,7,0,2,2,5,-20,3
sub_14925,causal,5,5,14,17,21,23,6,41,3,4,3,9,0,3,6,2,35,1
sub_52041,control,4,2,7,5,24,20,26,14,24,26,8,6,-2,-2,-2,-4,-12,2
sub_64559,causal,2,2,14,9,29,25,47,49,22,26,10,11,0,-5,1,-4,2,4
sub_88967,causal,2,2,8,5,18,17,10,6,20,23,7,4,0,-3,-3,-1,-4,3
sub_49031,control,2,NA,7,NA,21,NA,11,NA,30,NA,2,NA,NA,NA,NA,NA,NA,NA
sub_55723,control,2,NA,10,NA,15,NA,10,NA,17,NA,8,NA,NA,NA,NA,NA,NA,NA
sub_94288,control,2,4,8,20,19,21,12,24,21,25,7,6,2,12,-1,2,12,4
sub_73368,causal,2,2,7,9,27,26,30,22,22,23,6,10,0,2,4,-1,-8,1
sub_78257,causal,2,2,10,10,28,25,38,37,7,0,9,7,0,0,-2,-3,-1,-7
sub_14733,control,2,2,10,9,19,21,28,21,20,24,6,5,0,-1,-1,2,-7,4
sub_71869,control,2,NA,9,NA,23,NA,41,NA,26,NA,9,NA,NA,NA,NA,NA,NA,NA
sub_66391,causal,3,2,13,5,27,26,27,11,8,33,10,11,-1,-8,1,-1,-16,25
sub_56229,causal,2,2,5,7,25,20,33,28,25,22,10,9,0,2,-1,-5,-5,-3
sub_49333,causal,3,2,11,9,26,26,48,41,21,16,9,9,-1,-2,0,0,-7,-5
sub_68683,causal,2,2,6,5,16,21,9,6,26,28,3,1,0,-1,-2,5,-3,2
sub_69375,causal,2,2,8,6,10,10,5,5,10,9,10,11,0,-2,1,0,0,-1
sub_37744,control,2,2,9,12,30,29,45,44,19,18,8,8,0,3,0,-1,-1,-1
sub_16956,causal,2,NA,8,NA,20,NA,15,NA,25,NA,3,NA,NA,NA,NA,NA,NA,NA
sub_16209,control,2,2,7,5,26,18,23,12,18,20,7,8,0,-2,1,-8,-11,2
sub_57001,causal,4,3,13,13,18,17,23,28,24,21,5,4,-1,0,-1,-1,5,-3
sub_96839,control,3,0,11,1,18,18,14,13,24,36,10,8,-3,-10,-2,0,-1,12
sub_90097,control,2,NA,11,NA,24,NA,31,NA,19,NA,8,NA,NA,NA,NA,NA,NA,NA
sub_39153,causal,3,NA,14,NA,24,NA,27,NA,22,NA,8,NA,NA,NA,NA,NA,NA,NA
sub_82822,control,2,NA,11,NA,27,NA,48,NA,13,NA,7,NA,NA,NA,NA,NA,NA,NA
sub_41741,causal,2,NA,10,NA,22,NA,27,NA,16,NA,9,NA,NA,NA,NA,NA,NA,NA
sub_51183,causal,3,2,13,9,29,22,51,43,23,20,12,12,-1,-4,0,-7,-8,-3
sub_60061,control,2,1,11,5,22,19,36,28,19,14,7,6,-1,-6,-1,-3,-8,-5
sub_51454,control,2,3,7,9,24,29,36,34,29,32,8,6,1,2,-2,5,-2,3
sub_84560,control,2,0,7,3,11,11,8,10,18,28,4,5,-2,-4,1,0,2,10
sub_51164,control,2,NA,5,NA,23,NA,23,NA,17,NA,2,NA,NA,NA,NA,NA,NA,NA
sub_26629,causal,3,NA,9,NA,20,NA,23,NA,23,NA,7,NA,NA,NA,NA,NA,NA,NA
sub_20105,control,2,2,5,5,19,21,18,19,23,25,5,6,0,0,1,2,1,2
sub_71029,control,2,2,7,5,16,17,6,14,26,25,6,8,0,-2,2,1,8,-1
sub_47805,control,2,4,7,20,22,27,50,47,31,33,7,11,2,13,4,5,-3,2
sub_17311,control,3,5,6,12,14,15,31,36,17,15,2,3,2,6,1,1,5,-2
sub_40757,control,3,1,8,5,17,17,18,29,29,25,3,7,-2,-3,4,0,11,-4
sub_66362,control,3,NA,8,NA,27,NA,44,NA,12,NA,11,NA,NA,NA,NA,NA,NA,NA
sub_58651,causal,2,1,8,6,22,21,16,13,25,24,8,6,-1,-2,-2,-1,-3,-1
sub_27365,control,2,2,9,8,30,29,28,23,25,27,10,9,0,-1,-1,-1,-5,2
sub_38474,causal,5,4,11,7,20,19,19,20,23,24,5,4,-1,-4,-1,-1,1,1
sub_48070,control,3,2,6,4,13,13,9,9,13,22,2,4,-1,-2,2,0,0,9
sub_34902,control,4,3,13,11,18,17,24,22,10,7,6,5,-1,-2,-1,-1,-2,-3
sub_51485,causal,2,2,8,10,27,26,31,40,32,28,7,10,0,2,3,-1,9,-4
sub_30433,control,4,2,12,9,26,26,48,51,8,6,10,11,-2,-3,1,0,3,-2
sub_44677,control,2,2,8,6,17,13,24,14,16,14,11,11,0,-2,0,-4,-10,-2
sub_64240,causal,2,4,11,17,24,21,32,29,24,22,6,5,2,6,-1,-3,-3,-2
sub_13159,control,2,1,9,7,21,22,5,10,30,32,5,4,-1,-2,-1,1,5,2
sub_46396,causal,2,NA,9,NA,24,NA,33,NA,22,NA,5,NA,NA,NA,NA,NA,NA,NA
sub_70763,causal,3,NA,9,NA,19,NA,22,NA,23,NA,9,NA,NA,NA,NA,NA,NA,NA
sub_65816,causal,3,0,9,3,17,17,17,21,27,28,1,1,-3,-6,0,0,4,1
sub_41267,control,2,2,12,7,27,26,42,37,21,19,9,5,0,-5,-4,-1,-5,-2
sub_52948,control,2,NA,5,NA,16,NA,10,NA,27,NA,10,NA,NA,NA,NA,NA,NA,NA
sub_11640,control,2,2,9,4,20,21,26,25,26,25,7,7,0,-5,0,1,-1,-1
sub_76102,causal,2,2,8,8,15,20,14,19,19,23,8,8,0,0,0,5,5,4
sub_73602,causal,2,1,12,3,18,17,11,4,27,28,4,2,-1,-9,-2,-1,-7,1
sub_15771,control,2,4,8,14,20,18,33,32,25,24,5,7,2,6,2,-2,-1,-1
sub_37164,control,5,NA,12,NA,9,NA,22,NA,14,NA,8,NA,NA,NA,NA,NA,NA,NA
sub_77377,causal,2,2,7,7,19,12,7,3,29,36,5,8,0,0,3,-7,-4,7
sub_78696,causal,3,1,11,2,23,17,26,7,23,27,4,5,-2,-9,1,-6,-19,4
sub_71702,control,2,2,10,7,18,17,19,18,24,20,2,1,0,-3,-1,-1,-1,-4
sub_72440,control,2,2,13,13,19,22,31,29,21,26,11,12,0,0,1,3,-2,5
sub_75669,control,3,2,9,10,25,20,32,23,23,25,8,5,-1,1,-3,-5,-9,2
sub_29876,control,2,4,8,10,20,22,51,55,13,28,12,12,2,2,0,2,4,15
sub_44622,causal,2,NA,7,NA,27,NA,13,NA,27,NA,6,NA,NA,NA,NA,NA,NA,NA
sub_88820,control,2,1,8,5,17,20,16,12,29,32,10,9,-1,-3,-1,3,-4,3
sub_19330,control,2,0,11,4,26,26,14,5,28,30,10,4,-2,-7,-6,0,-9,2
sub_57109,causal,2,NA,10,NA,20,NA,26,NA,22,NA,7,NA,NA,NA,NA,NA,NA,NA
sub_69047,control,2,3,11,12,20,18,22,27,30,29,4,4,1,1,0,-2,5,-1
sub_45872,causal,3,0,11,3,28,26,36,41,23,23,9,7,-3,-8,-2,-2,5,0
sub_30712,causal,2,1,5,4,18,20,17,15,29,27,4,5,-1,-1,1,2,-2,-2
sub_10692,causal,3,1,11,5,22,19,28,17,18,24,10,9,-2,-6,-1,-3,-11,6
sub_89154,causal,3,5,11,16,24,30,26,31,29,27,12,12,2,5,0,6,5,-2
sub_44776,causal,2,2,10,8,25,25,27,27,23,23,6,5,0,-2,-1,0,0,0
sub_79257,causal,4,2,13,8,26,24,43,35,26,26,10,9,-2,-5,-1,-2,-8,0
sub_49544,control,4,4,9,9,13,15,6,3,29,30,6,3,0,0,-3,2,-3,1
sub_50540,causal,5,5,13,14,18,16,21,22,20,20,3,1,0,1,-2,-2,1,0
sub_91017,control,2,1,6,4,18,13,32,34,18,15,3,6,-1,-2,3,-5,2,-3
sub_83672,causal,2,2,11,12,18,17,46,46,15,12,11,8,0,1,-3,-1,0,-3
sub_97440,control,4,2,14,7,19,16,24,15,31,36,11,9,-2,-7,-2,-3,-9,5
sub_95111,control,3,2,12,9,25,17,41,5,14,24,7,3,-1,-3,-4,-8,-36,10
sub_29774,causal,2,2,10,7,18,18,6,3,15,22,7,8,0,-3,1,0,-3,7
sub_46086,control,2,2,10,12,18,18,9,14,29,31,1,4,0,2,3,0,5,2
sub_50752,causal,2,2,8,7,22,21,26,23,28,36,4,5,0,-1,1,-1,-3,8
sub_87856,causal,3,2,10,7,25,23,14,18,16,29,12,12,-1,-3,0,-2,4,13
sub_12585,causal,2,1,8,7,16,16,22,19,19,21,1,2,-1,-1,1,0,-3,2
sub_44800,causal,4,1,10,6,17,17,12,5,17,23,7,4,-3,-4,-3,0,-7,6
sub_76625,causal,2,1,5,3,15,17,8,4,27,30,4,3,-1,-2,-1,2,-4,3
sub_31545,control,2,0,8,0,15,18,46,18,25,23,8,3,-2,-8,-5,3,-28,-2
sub_42465,control,2,NA,8,NA,24,NA,35,NA,21,NA,5,NA,NA,NA,NA,NA,NA,NA
sub_81621,causal,2,1,6,7,14,12,4,9,31,33,2,5,-1,1,3,-2,5,2
sub_45795,causal,2,2,6,6,21,23,11,32,29,32,6,7,0,0,1,2,21,3
sub_90874,causal,3,2,12,16,22,23,36,25,11,19,4,6,-1,4,2,1,-11,8
sub_48469,causal,5,5,14,16,24,21,46,46,20,22,6,6,0,2,0,-3,0,2
sub_73424,control,2,2,8,7,16,15,13,11,25,23,9,9,0,-1,0,-1,-2,-2
sub_45656,control,2,2,9,8,20,20,30,29,9,11,11,8,0,-1,-3,0,-1,2
sub_65654,control,2,1,8,4,17,15,24,11,14,30,1,0,-1,-4,-1,-2,-13,16
sub_74261,control,2,NA,6,NA,14,NA,6,NA,30,NA,4,NA,NA,NA,NA,NA,NA,NA
sub_54507,control,4,4,14,12,20,19,40,32,17,17,7,6,0,-2,-1,-1,-8,0
sub_59214,causal,2,NA,6,NA,23,NA,26,NA,23,NA,7,NA,NA,NA,NA,NA,NA,NA
sub_75406,control,2,1,5,3,17,19,2,3,19,20,8,10,-1,-2,2,2,1,1
sub_97535,causal,2,NA,8,NA,12,NA,7,NA,36,NA,6,NA,NA,NA,NA,NA,NA,NA
sub_18096,control,2,2,8,7,26,18,10,9,20,27,4,3,0,-1,-1,-8,-1,7
sub_79215,causal,2,2,13,10,24,22,52,38,23,24,11,9,0,-3,-2,-2,-14,1
sub_20650,control,4,2,14,9,18,19,26,18,20,28,9,9,-2,-5,0,1,-8,8
sub_99483,control,2,0,5,1,14,14,24,2,27,30,1,0,-2,-4,-1,0,-22,3
sub_75904,control,2,NA,7,NA,20,NA,9,NA,34,NA,5,NA,NA,NA,NA,NA,NA,NA
sub_19598,causal,2,0,11,4,27,26,29,27,15,26,8,10,-2,-7,2,-1,-2,11
sub_29088,causal,3,3,14,11,20,16,39,32,15,12,10,5,0,-3,-5,-4,-7,-3
sub_19199,control,2,NA,6,NA,19,NA,40,NA,29,NA,2,NA,NA,NA,NA,NA,NA,NA
sub_57540,causal,2,2,10,8,24,24,27,31,21,21,5,6,0,-2,1,0,4,0
sub_24131,control,3,2,12,8,18,22,29,31,25,20,10,10,-1,-4,0,4,2,-5
sub_42471,control,4,4,10,10,18,23,19,38,17,26,10,12,0,0,2,5,19,9
sub_47585,causal,4,2,13,4,22,16,37,25,14,29,10,5,-2,-9,-5,-6,-12,15
sub_49121,control,3,NA,12,NA,15,NA,6,NA,30,NA,4,NA,NA,NA,NA,NA,NA,NA
sub_59527,control,5,NA,14,NA,35,NA,53,NA,15,NA,8,NA,NA,NA,NA,NA,NA,NA
sub_78800,causal,2,1,11,7,21,18,31,9,17,21,9,6,-1,-4,-3,-3,-22,4
sub_30284,control,3,2,12,14,17,19,12,16,34,33,9,9,-1,2,0,2,4,-1
sub_97353,causal,4,2,11,5,14,16,17,7,35,36,2,2,-2,-6,0,2,-10,1
sub_64703,causal,3,3,8,8,18,11,19,16,29,34,9,5,0,0,-4,-7,-3,5
sub_38136,control,2,2,11,10,20,17,32,24,19,17,9,8,0,-1,-1,-3,-8,-2
sub_59604,causal,2,0,14,7,23,26,31,21,22,27,8,8,-2,-7,0,3,-10,5
sub_63499,causal,2,2,9,5,14,12,5,2,32,12,7,5,0,-4,-2,-2,-3,-20
sub_32762,causal,3,NA,10,NA,25,NA,43,NA,13,NA,9,NA,NA,NA,NA,NA,NA,NA
sub_43160,control,2,2,11,10,25,22,20,18,10,18,9,7,0,-1,-2,-3,-2,8
sub_12022,control,2,NA,12,NA,23,NA,26,NA,27,NA,7,NA,NA,NA,NA,NA,NA,NA
sub_63884,causal,2,NA,8,NA,18,NA,8,NA,24,NA,1,NA,NA,NA,NA,NA,NA,NA
sub_53437,causal,2,0,5,3,18,17,6,7,26,30,3,2,-2,-2,-1,-1,1,4
sub_43343,control,2,1,11,4,24,22,20,18,17,27,8,4,-1,-7,-4,-2,-2,10
sub_88790,causal,3,NA,8,NA,25,NA,41,NA,12,NA,12,NA,NA,NA,NA,NA,NA,NA
sub_68485,causal,2,2,9,13,24,21,33,29,26,19,6,6,0,4,0,-3,-4,-7
sub_93007,causal,2,2,6,7,18,21,22,22,28,26,10,7,0,1,-3,3,0,-2
sub_14451,causal,2,NA,6,NA,17,NA,10,NA,23,NA,4,NA,NA,NA,NA,NA,NA,NA
sub_66806,control,2,2,7,7,14,17,15,12,23,26,5,7,0,0,2,3,-3,3
sub_63907,causal,2,2,7,6,16,18,3,5,28,24,0,1,0,-1,1,2,2,-4
sub_80853,control,2,1,10,9,20,23,22,15,13,18,7,8,-1,-1,1,3,-7,5
sub_47128,control,2,1,10,4,25,16,3,1,5,15,5,5,-1,-6,0,-9,-2,10
sub_32238,causal,2,2,6,10,22,23,23,21,24,24,4,5,0,4,1,1,-2,0
sub_57929,causal,2,2,13,13,21,19,33,25,6,6,1,2,0,0,1,-2,-8,0
sub_11214,causal,2,2,7,7,24,19,41,28,16,4,8,8,0,0,0,-5,-13,-12
sub_48362,causal,2,2,11,9,22,20,38,34,22,25,3,6,0,-2,3,-2,-4,3
sub_55341,control,2,2,6,7,18,18,19,20,23,25,3,2,0,1,-1,0,1,2
sub_42341,causal,3,0,12,3,24,19,40,29,21,23,5,3,-3,-9,-2,-5,-11,2
sub_76446,causal,2,0,5,3,19,17,11,16,28,27,3,3,-2,-2,0,-2,5,-1
sub_97111,causal,3,0,11,2,17,13,29,3,23,25,3,0,-3,-9,-3,-4,-26,2
sub_20817,control,2,1,6,6,21,22,14,8,29,26,6,4,-1,0,-2,1,-6,-3
sub_60854,causal,2,2,5,7,21,26,20,16,24,11,3,3,0,2,0,5,-4,-13
sub_64550,control,2,5,12,16,21,21,34,30,16,8,10,12,3,4,2,0,-4,-8
sub_98938,control,2,2,7,5,25,19,27,18,34,36,12,10,0,-2,-2,-6,-9,2
sub_48294,control,2,0,7,1,14,17,1,1,22,18,4,2,-2,-6,-2,3,0,-4
sub_35071,control,2,NA,7,NA,20,NA,17,NA,23,NA,3,NA,NA,NA,NA,NA,NA,NA
sub_28130,control,2,0,9,2,19,18,19,15,14,21,5,4,-2,-7,-1,-1,-4,7
sub_17867,control,2,2,6,7,16,15,13,11,24,25,2,3,0,1,1,-1,-2,1
sub_14764,control,3,2,9,9,24,22,23,25,34,30,7,8,-1,0,1,-2,2,-4
sub_21496,control,2,2,7,7,18,21,16,17,24,29,3,4,0,0,1,3,1,5
sub_56895,control,2,2,9,7,13,17,17,15,36,34,5,5,0,-2,0,4,-2,-2
sub_86858,control,2,2,11,8,19,21,16,16,29,24,3,2,0,-3,-1,2,0,-5
sub_86869,causal,3,2,11,10,17,17,7,12,32,36,7,5,-1,-1,-2,0,5,4
sub_75737,causal,2,2,7,5,18,14,14,12,23,23,2,2,0,-2,0,-4,-2,0
sub_61731,causal,2,2,5,14,14,24,1,32,29,28,3,6,0,9,3,10,31,-1
sub_45057,causal,2,2,7,14,18,15,14,15,26,33,8,6,0,7,-2,-3,1,7
sub_71388,causal,2,2,11,10,18,24,8,3,15,5,3,4,0,-1,1,6,-5,-10
sub_64447,causal,2,2,8,6,15,15,7,7,26,25,5,4,0,-2,-1,0,0,-1
sub_95204,causal,3,2,12,10,17,16,13,10,25,19,5,7,-1,-2,2,-1,-3,-6
sub_64687,control,2,0,7,3,20,24,27,19,24,27,11,11,-2,-4,0,4,-8,3
sub_89951,control,3,1,9,3,16,17,14,10,36,36,6,5,-2,-6,-1,1,-4,0
sub_93166,control,2,2,7,4,21,19,5,3,34,30,1,0,0,-3,-1,-2,-2,-4
sub_50583,causal,5,4,14,13,20,19,51,49,20,23,12,12,-1,-1,0,-1,-2,3
sub_22230,control,2,4,8,13,28,28,37,33,19,16,6,9,2,5,3,0,-4,-3
sub_68093,causal,2,0,10,0,29,18,33,28,26,22,5,5,-2,-10,0,-11,-5,-4
sub_94901,control,3,NA,8,NA,23,NA,20,NA,21,NA,2,NA,NA,NA,NA,NA,NA,NA
sub_29308,control,2,2,7,6,22,22,28,28,15,17,12,11,0,-1,-1,0,0,2
sub_17456,causal,3,5,13,19,15,13,31,27,24,15,5,6,2,6,1,-2,-4,-9
sub_42055,causal,2,NA,12,NA,17,NA,7,NA,33,NA,7,NA,NA,NA,NA,NA,NA,NA
sub_61080,control,2,NA,11,NA,18,NA,28,NA,23,NA,4,NA,NA,NA,NA,NA,NA,NA
sub_16185,causal,4,0,12,4,21,21,25,20,24,29,7,7,-4,-8,0,0,-5,5
sub_96096,causal,2,2,6,7,22,22,29,19,30,29,7,7,0,1,0,0,-10,-1
sub_39784,control,2,NA,12,NA,25,NA,19,NA,26,NA,5,NA,NA,NA,NA,NA,NA,NA
sub_34815,control,2,2,13,14,22,24,25,32,25,25,8,8,0,1,0,2,7,0
sub_21882,causal,2,2,10,10,26,19,33,16,14,24,10,5,0,0,-5,-7,-17,10
sub_13256,causal,2,0,8,2,27,17,38,14,26,31,12,3,-2,-6,-9,-10,-24,5
sub_86573,causal,3,2,13,9,28,26,38,34,20,20,7,5,-1,-4,-2,-2,-4,0
sub_24053,causal,2,3,8,11,23,21,25,35,11,19,4,4,1,3,0,-2,10,8
sub_24697,causal,2,2,6,10,15,18,7,22,23,17,6,8,0,4,2,3,15,-6
sub_28698,causal,4,2,11,7,12,10,14,8,25,24,4,3,-2,-4,-1,-2,-6,-1
sub_90194,causal,2,2,7,6,12,19,19,12,27,26,8,4,0,-1,-4,7,-7,-1
sub_12207,causal,2,2,7,8,19,22,23,25,16,17,8,11,0,1,3,3,2,1
sub_76471,causal,2,2,6,7,23,22,17,7,29,20,3,3,0,1,0,-1,-10,-9
sub_33677,control,4,2,9,7,22,19,30,31,22,27,7,8,-2,-2,1,-3,1,5
sub_99182,causal,2,2,7,7,20,21,12,12,36,36,3,3,0,0,0,1,0,0
sub_35794,causal,3,NA,12,NA,12,NA,9,NA,26,NA,3,NA,NA,NA,NA,NA,NA,NA
sub_37015,causal,2,2,7,7,19,22,31,33,18,13,12,8,0,0,-4,3,2,-5
sub_28006,control,2,2,6,8,19,20,12,17,20,22,5,4,0,2,-1,1,5,2
sub_21436,control,4,NA,12,NA,17,NA,25,NA,34,NA,8,NA,NA,NA,NA,NA,NA,NA
sub_80698,control,2,2,14,12,22,21,26,25,24,22,9,8,0,-2,-1,-1,-1,-2
sub_88735,causal,2,NA,8,NA,23,NA,53,NA,12,NA,12,NA,NA,NA,NA,NA,NA,NA
sub_59291,control,2,NA,9,NA,16,NA,4,NA,34,NA,0,NA,NA,NA,NA,NA,NA,NA
sub_87653,control,3,2,14,6,15,11,13,9,24,28,7,3,-1,-8,-4,-4,-4,4
sub_17096,control,2,NA,8,NA,23,NA,30,NA,15,NA,7,NA,NA,NA,NA,NA,NA,NA
sub_78535,control,2,2,6,8,23,16,22,26,24,22,9,9,0,2,0,-7,4,-2
sub_52521,control,2,0,9,1,14,14,6,12,29,29,3,3,-2,-8,0,0,6,0
sub_45644,causal,2,2,9,9,18,20,18,18,24,20,9,9,0,0,0,2,0,-4
sub_88514,causal,2,NA,11,NA,21,NA,24,NA,23,NA,7,NA,NA,NA,NA,NA,NA,NA
sub_98181,causal,2,NA,10,NA,30,NA,32,NA,23,NA,10,NA,NA,NA,NA,NA,NA,NA
sub_29295,causal,2,2,6,8,17,21,28,32,21,14,11,12,0,2,1,4,4,-7
sub_48307,control,3,NA,8,NA,24,NA,20,NA,17,NA,6,NA,NA,NA,NA,NA,NA,NA
sub_90084,control,2,NA,7,NA,23,NA,21,NA,16,NA,7,NA,NA,NA,NA,NA,NA,NA
sub_50616,causal,2,2,13,12,15,18,36,37,27,20,12,12,0,-1,0,3,1,-7
sub_41307,control,2,2,10,8,20,19,14,9,20,22,4,2,0,-2,-2,-1,-5,2
sub_87671,causal,2,NA,10,NA,23,NA,43,NA,0,NA,11,NA,NA,NA,NA,NA,NA,NA
sub_85647,control,2,2,8,8,16,20,16,22,21,17,7,6,0,0,-1,4,6,-4
sub_13426,control,2,2,9,6,19,20,24,21,28,28,10,10,0,-3,0,1,-3,0
sub_99601,control,2,0,10,2,20,12,14,3,32,32,8,5,-2,-8,-3,-8,-11,0
sub_66536,causal,3,2,10,8,24,24,11,11,26,19,8,8,-1,-2,0,0,0,-7
sub_14792,causal,2,1,13,11,23,24,31,18,23,22,8,6,-1,-2,-2,1,-13,-1
sub_45608,causal,2,0,5,2,22,24,12,16,28,28,2,2,-2,-3,0,2,4,0
sub_10160,control,2,2,7,7,19,20,19,20,25,20,4,4,0,0,0,1,1,-5
sub_55617,causal,2,NA,6,NA,22,NA,23,NA,26,NA,1,NA,NA,NA,NA,NA,NA,NA
sub_58565,control,2,2,9,8,17,17,18,24,24,22,5,2,0,-1,-3,0,6,-2
sub_84427,control,2,4,8,13,17,16,10,16,20,24,2,3,2,5,1,-1,6,4
sub_23667,control,5,3,14,12,22,20,35,25,22,23,5,4,-2,-2,-1,-2,-10,1
sub_75561,control,2,2,8,9,24,20,35,25,23,24,7,6,0,1,-1,-4,-10,1
sub_89054,causal,4,3,12,9,23,23,31,20,24,16,12,10,-1,-3,-2,0,-11,-8
sub_50488,causal,2,2,12,10,19,14,27,47,20,21,12,11,0,-2,-1,-5,20,1
sub_60428,control,2,2,5,6,22,25,27,22,19,15,5,7,0,1,2,3,-5,-4
sub_18816,causal,2,2,7,7,20,19,17,18,23,24,5,4,0,0,-1,-1,1,1
sub_82161,causal,3,3,7,7,28,22,30,33,15,23,9,9,0,0,0,-6,3,8
sub_96932,control,5,4,8,8,19,18,25,41,23,20,2,1,-1,0,-1,-1,16,-3
sub_30505,control,3,3,11,13,20,23,33,26,17,20,6,6,0,2,0,3,-7,3
sub_44589,causal,2,NA,9,NA,28,NA,17,NA,26,NA,11,NA,NA,NA,NA,NA,NA,NA
sub_72781,causal,3,0,9,4,27,19,48,30,14,22,6,9,-3,-5,3,-8,-18,8
sub_59843,control,2,2,6,8,22,20,33,28,24,24,9,7,0,2,-2,-2,-5,0
sub_64144,causal,3,4,14,14,26,16,28,22,22,25,8,5,1,0,-3,-10,-6,3
sub_27208,control,2,NA,8,NA,29,NA,36,NA,20,NA,6,NA,NA,NA,NA,NA,NA,NA
sub_28384,causal,2,0,12,3,25,25,46,34,14,17,11,11,-2,-9,0,0,-12,3
sub_41274,causal,2,0,7,0,26,17,34,19,1,29,12,12,-2,-7,0,-9,-15,28
sub_55748,causal,2,NA,8,NA,21,NA,19,NA,21,NA,7,NA,NA,NA,NA,NA,NA,NA
sub_19549,control,2,NA,6,NA,24,NA,33,NA,11,NA,12,NA,NA,NA,NA,NA,NA,NA
sub_19004,causal,2,1,11,8,24,28,42,40,21,21,8,8,-1,-3,0,4,-2,0
sub_32438,causal,2,3,13,14,27,29,30,32,30,32,2,1,1,1,-1,2,2,2
sub_48301,causal,3,2,11,8,21,21,47,47,17,18,12,12,-1,-3,0,0,0,1
sub_90919,control,2,1,8,9,14,16,27,40,17,19,9,7,-1,1,-2,2,13,2
sub_59311,causal,2,2,11,11,24,21,19,23,22,24,4,4,0,0,0,-3,4,2
sub_82681,causal,2,2,10,7,15,13,27,17,25,29,7,5,0,-3,-2,-2,-10,4
sub_48573,control,3,2,12,13,18,18,30,33,21,19,11,10,-1,1,-1,0,3,-2
sub_53596,control,2,2,7,7,15,19,14,22,32,30,5,5,0,0,0,4,8,-2
sub_39254,causal,2,6,9,18,15,21,16,28,30,27,11,10,4,9,-1,6,12,-3
sub_37378,control,2,NA,8,NA,17,NA,6,NA,26,NA,5,NA,NA,NA,NA,NA,NA,NA
sub_54662,causal,2,3,8,8,12,14,23,19,21,17,7,8,1,0,1,2,-4,-4
sub_85541,causal,6,2,13,3,21,19,32,10,16,24,5,1,-4,-10,-4,-2,-22,8
sub_63174,causal,3,NA,10,NA,22,NA,27,NA,23,NA,10,NA,NA,NA,NA,NA,NA,NA
sub_52453,control,3,3,12,9,25,26,43,40,19,11,11,10,0,-3,-1,1,-3,-8
sub_67351,causal,2,NA,8,NA,27,NA,27,NA,13,NA,10,NA,NA,NA,NA,NA,NA,NA
sub_56376,control,4,5,14,16,25,22,45,47,12,14,6,5,1,2,-1,-3,2,2
sub_53855,control,3,0,8,1,13,16,20,19,26,25,11,7,-3,-7,-4,3,-1,-1
sub_70737,causal,2,2,5,3,15,16,2,0,30,30,3,6,0,-2,3,1,-2,0
sub_38488,causal,2,1,11,4,15,14,38,6,32,33,11,7,-1,-7,-4,-1,-32,1
sub_44994,control,2,4,8,12,20,20,7,9,26,26,4,4,2,4,0,0,2,0
sub_30487,causal,2,1,7,1,25,21,19,19,22,25,6,5,-1,-6,-1,-4,0,3
sub_10851,causal,4,4,11,10,16,18,21,25,25,24,6,5,0,-1,-1,2,4,-1
sub_96670,control,3,3,11,14,18,21,27,24,22,28,5,7,0,3,2,3,-3,6
sub_22068,control,3,2,12,8,24,22,28,22,12,17,8,10,-1,-4,2,-2,-6,5
sub_17738,control,2,NA,9,NA,17,NA,8,NA,7,NA,0,NA,NA,NA,NA,NA,NA,NA
sub_27713,causal,2,3,9,13,18,18,4,14,24,30,3,3,1,4,0,0,10,6
sub_38971,control,2,1,8,4,18,19,16,10,24,21,8,6,-1,-4,-2,1,-6,-3
sub_41386,control,3,1,9,6,21,15,29,19,19,20,9,5,-2,-3,-4,-6,-10,1
sub_96343,causal,3,2,7,4,21,19,23,20,20,23,5,6,-1,-3,1,-2,-3,3
sub_76126,control,2,2,7,6,23,26,16,17,25,13,3,2,0,-1,-1,3,1,-12
sub_74161,control,2,2,6,3,16,18,14,23,25,24,3,2,0,-3,-1,2,9,-1
sub_40871,control,2,2,12,13,31,30,28,26,17,23,6,6,0,1,0,-1,-2,6
sub_30326,control,3,2,10,5,22,19,30,13,15,20,12,6,-1,-5,-6,-3,-17,5
sub_82689,causal,2,1,5,4,17,20,11,14,30,31,6,5,-1,-1,-1,3,3,1
sub_63641,control,2,2,11,11,27,33,26,27,25,23,7,10,0,0,3,6,1,-2
sub_65602,control,2,NA,6,NA,19,NA,16,NA,19,NA,4,NA,NA,NA,NA,NA,NA,NA
sub_35769,control,3,2,14,11,27,25,34,35,22,22,11,11,-1,-3,0,-2,1,0
sub_63821,causal,2,1,12,7,18,17,13,9,25,28,6,5,-1,-5,-1,-1,-4,3
sub_55648,causal,4,3,14,9,26,24,19,11,21,19,11,10,-1,-5,-1,-2,-8,-2
sub_69894,causal,4,4,14,11,31,23,59,53,2,5,12,12,0,-3,0,-8,-6,3
sub_35527,causal,3,2,11,11,19,14,16,29,9,15,4,7,-1,0,3,-5,13,6
sub_19048,causal,3,2,8,10,26,22,39,50,22,23,1,5,-1,2,4,-4,11,1
sub_43549,causal,2,NA,9,NA,18,NA,16,NA,24,NA,6,NA,NA,NA,NA,NA,NA,NA
sub_68571,causal,4,2,11,10,25,21,29,26,14,21,3,2,-2,-1,-1,-4,-3,7
sub_21469,causal,2,2,11,7,21,20,41,38,22,15,7,6,0,-4,-1,-1,-3,-7
sub_58355,control,2,NA,13,NA,23,NA,23,NA,23,NA,12,NA,NA,NA,NA,NA,NA,NA
sub_86169,causal,2,1,10,5,23,26,25,24,14,14,10,10,-1,-5,0,3,-1,0
sub_23936,causal,2,3,13,11,25,21,41,30,6,7,8,10,1,-2,2,-4,-11,1
sub_77760,control,2,0,5,2,18,13,23,15,28,30,6,4,-2,-3,-2,-5,-8,2
sub_87271,control,2,0,5,2,15,15,9,5,24,23,3,1,-2,-3,-2,0,-4,-1
sub_67051,causal,4,0,13,3,19,19,30,7,17,15,9,9,-4,-10,0,0,-23,-2
sub_13740,control,2,2,11,10,19,24,31,23,25,23,8,9,0,-1,1,5,-8,-2
sub_59053,control,2,3,9,16,20,22,20,34,15,23,10,10,1,7,0,2,14,8
sub_65698,causal,4,4,11,11,27,24,34,28,21,24,12,8,0,0,-4,-3,-6,3
sub_24762,control,2,0,8,5,22,19,8,14,18,18,0,4,-2,-3,4,-3,6,0
sub_67043,control,4,3,9,11,17,16,9,21,19,17,2,3,-1,2,1,-1,12,-2
sub_22899,causal,4,0,7,0,13,17,10,7,32,30,7,8,-4,-7,1,4,-3,-2
sub_57309,control,2,2,13,6,20,25,17,26,16,19,8,8,0,-7,0,5,9,3
sub_81787,control,2,3,8,13,15,13,18,13,24,20,8,6,1,5,-2,-2,-5,-4
sub_66192,causal,2,0,7,2,27,25,13,12,31,29,5,6,-2,-5,1,-2,-1,-2
sub_96861,control,2,NA,8,NA,25,NA,19,NA,23,NA,8,NA,NA,NA,NA,NA,NA,NA
sub_67219,causal,3,2,9,4,15,15,10,10,26,23,2,3,-1,-5,1,0,0,-3
sub_93085,causal,2,2,7,6,19,20,28,28,31,31,6,7,0,-1,1,1,0,0
sub_38556,causal,2,2,5,9,22,22,16,9,28,26,1,1,0,4,0,0,-7,-2
